"","power","V","method"
"1","0.566666666666667","0","dkn"
"2","0.366666666666667","0",NA
"3","0.466666666666667","0",NA
"4","0.0666666666666667","1",NA
