"","power","V","method"
"1","0.633333333333333","2","dkn"
"2","0.733333333333333","3",NA
"3","0.466666666666667","1",NA
"4","0.0666666666666667","2",NA
