"","power","V","method"
"1","0.933333333333333","2","dkn"
"2","0.766666666666667","1",NA
"3","0.733333333333333","0",NA
"4","0","0",NA
