"","power","V","method"
"1","0.866666666666667","0","dkn"
"2","0.833333333333333","4",NA
"3","0.533333333333333","0",NA
"4","0.0666666666666667","0",NA
