"","power","V","method"
"1","0.3","1","dkn"
"2","0.433333333333333","2",NA
"3","0.266666666666667","0",NA
"4","0.0666666666666667","1",NA
