"","power","V","method"
"1","0.933333333333333","2","dkn"
"2","0.5","0",NA
"3","0.633333333333333","2",NA
"4","0.0333333333333333","0",NA
