"","power","V","method"
"1","0.833333333333333","0","dkn"
"2","0.666666666666667","0",NA
"3","0.666666666666667","1",NA
"4","0.1","1",NA
