"","power","V","method"
"1","0.166666666666667","0","dkn"
"2","0.3","0",NA
"3","0.0666666666666667","1",NA
"4","0.0666666666666667","0",NA
