"","power","V","method"
"1","0.9","2","dkn"
"2","0.766666666666667","3",NA
"3","0.566666666666667","1",NA
"4","0.0666666666666667","0",NA
