"","power","V","method"
"1","0.333333333333333","1","dkn"
"2","0.533333333333333","3",NA
"3","0.133333333333333","0",NA
"4","0.0333333333333333","1",NA
