"","power","V","method"
"1","0.4","2","dkn"
"2","0.566666666666667","2",NA
"3","0.333333333333333","1",NA
"4","0.0666666666666667","2",NA
