"","power","V","method"
"1","0.966666666666667","1","dkn"
"2","0.966666666666667","3",NA
"3","0.666666666666667","0",NA
"4","0.0666666666666667","0",NA
