"","power","V","method"
"1","0.866666666666667","0","dkn"
"2","0.733333333333333","0",NA
"3","0.566666666666667","0",NA
"4","0.133333333333333","0",NA
