"","power","V","method"
"1","0.833333333333333","0","dkn"
"2","0.766666666666667","1",NA
"3","0.666666666666667","1",NA
"4","0.1","0",NA
