"","power","V","method"
"1","0.733333333333333","1","dkn"
"2","0.933333333333333","6",NA
"3","0.533333333333333","0",NA
"4","0.1","1",NA
