"","power","V","method"
"1","0.933333333333333","1","dkn"
"2","0.933333333333333","2",NA
"3","0.866666666666667","0",NA
"4","0.133333333333333","0",NA
