"","power","V","method"
"1","0.766666666666667","1","dkn"
"2","0.766666666666667","2",NA
"3","0.266666666666667","1",NA
"4","0.166666666666667","0",NA
