"","power","V","method"
"1","0.566666666666667","1","dkn"
"2","0.766666666666667","6",NA
"3","0.433333333333333","0",NA
"4","0.1","1",NA
