"","power","V","method"
"1","0.466666666666667","0","dkn"
"2","0.666666666666667","2",NA
"3","0.333333333333333","0",NA
"4","0.1","0",NA
