"","power","V","method"
"1","0.933333333333333","1","dkn"
"2","0.966666666666667","4",NA
"3","0.833333333333333","3",NA
"4","0.0666666666666667","1",NA
