"","power","V","method"
"1","0.933333333333333","1","dkn"
"2","0.933333333333333","2",NA
"3","0.833333333333333","2",NA
"4","0.1","0",NA
