"","power","V","method"
"1","0.8","0","dkn"
"2","0.766666666666667","0",NA
"3","0.566666666666667","1",NA
"4","0.0666666666666667","0",NA
