"","power","V","method"
"1","0.2","1","dkn"
"2","0.466666666666667","5",NA
"3","0.133333333333333","2",NA
"4","0.133333333333333","0",NA
