"","power","V","method"
"1","0.833333333333333","1","dkn"
"2","0.866666666666667","3",NA
"3","0.533333333333333","1",NA
"4","0.166666666666667","0",NA
