"","power","V","method"
"1","0.566666666666667","0","dkn"
"2","0.466666666666667","0","vkn"
"3","0.666666666666667","0","crt"
"4","0","0","stabs"
