"","power","V","method"
"1","0.0666666666666667","2","dkn"
"2","0.0666666666666667","3",NA
"3","0.1","1",NA
"4","0.0333333333333333","0",NA
