"","power","V","method"
"1","0.433333333333333","1","dkn"
"2","0.566666666666667","1",NA
"3","0.366666666666667","2",NA
"4","0","0",NA
