"","power","V","method"
"1","0.933333333333333","1","dkn"
"2","0.866666666666667","2",NA
"3","0.8","1",NA
"4","0.0333333333333333","0",NA
