"","power","V","method"
"1","0.233333333333333","1","dkn"
"2","0.0666666666666667","1",NA
"3","0.166666666666667","1",NA
"4","0","1",NA
