"","power","V","method"
"1","0.233333333333333","0","dkn"
"2","0.4","2",NA
"3","0.266666666666667","1",NA
"4","0.0666666666666667","0",NA
