"","power","V","method"
"1","0.433333333333333","0","dkn"
"2","0.466666666666667","3",NA
"3","0.166666666666667","1",NA
"4","0.0333333333333333","1",NA
