"","power","V","method"
"1","0.166666666666667","1","dkn"
"2","0.166666666666667","0","vkn"
"3","0.0666666666666667","1","bonf"
"4","0.0333333333333333","0","stabs"
