"","power","V","method"
"1","0.666666666666667","2","dkn"
"2","0.666666666666667","3",NA
"3","0.4","1",NA
"4","0.0333333333333333","0",NA
