"","power","V","method"
"1","0.933333333333333","3","dkn"
"2","0.633333333333333","0",NA
"3","0.566666666666667","2",NA
"4","0.133333333333333","0",NA
