"","power","V","method"
"1","1","1","dkn"
"2","0.866666666666667","0",NA
"3","0.966666666666667","1",NA
"4","0.0333333333333333","0",NA
