"","power","V","method"
"1","0.9","0","dkn"
"2","0.866666666666667","1",NA
"3","0.833333333333333","2",NA
"4","0.0333333333333333","0",NA
