"","power","V","method"
"1","0.866666666666667","0","dkn"
"2","0.933333333333333","0",NA
"3","0.633333333333333","0",NA
"4","0.0666666666666667","1",NA
