"","power","V","method"
"1","0.666666666666667","0","dkn"
"2","0.566666666666667","0",NA
"3","0.633333333333333","2",NA
"4","0.133333333333333","0",NA
