"","power","V","method"
"1","0.933333333333333","1","dkn"
"2","0.833333333333333","0",NA
"3","0.7","0",NA
"4","0.0333333333333333","0",NA
