"","power","V","method"
"1","0.733333333333333","1","dkn"
"2","0.766666666666667","6",NA
"3","0.533333333333333","0",NA
"4","0.0666666666666667","0",NA
