"","power","V","method"
"1","0.766666666666667","1","dkn"
"2","0.833333333333333","2",NA
"3","0.633333333333333","0",NA
"4","0.1","0",NA
