"","power","V","method"
"1","0.233333333333333","0","dkn"
"2","0.166666666666667","0",NA
"3","0.166666666666667","0",NA
"4","0.0333333333333333","0",NA
