"","power","V","method"
"1","0.733333333333333","0","dkn"
"2","0.633333333333333","0",NA
"3","0.6","0",NA
"4","0.133333333333333","0",NA
