"","power","V","method"
"1","0.966666666666667","0","dkn"
"2","0.966666666666667","0",NA
"3","0.8","0",NA
"4","0.166666666666667","0",NA
