"","power","V","method"
"1","0.866666666666667","1","dkn"
"2","0.8","1",NA
"3","0.533333333333333","1",NA
"4","0.0333333333333333","1",NA
