"","power","V","method"
"1","0.433333333333333","0","dkn"
"2","0.533333333333333","1",NA
"3","0.233333333333333","1",NA
"4","0.1","0",NA
