"","power","V","method"
"1","0.966666666666667","0","dkn"
"2","1","4",NA
"3","0.833333333333333","0",NA
"4","0.0333333333333333","1",NA
