"","power","V","method"
"1","0.3","1","dkn"
"2","0.133333333333333","1",NA
"3","0.166666666666667","0",NA
"4","0.0666666666666667","0",NA
