"","power","V","method"
"1","0.666666666666667","0","dkn"
"2","0.6","0",NA
"3","0.466666666666667","0",NA
"4","0.133333333333333","0",NA
