"","power","V","method"
"1","0.966666666666667","0","dkn"
"2","0.633333333333333","1",NA
"3","0.666666666666667","0",NA
"4","0.1","0",NA
