"","power","V","method"
"1","0.266666666666667","2","dkn"
"2","0.233333333333333","2",NA
"3","0.2","1",NA
"4","0.0666666666666667","0",NA
