"","power","V","method"
"1","0.533333333333333","0","dkn"
"2","0.766666666666667","1",NA
"3","0.5","1",NA
"4","0.0666666666666667","1",NA
