"","power","V","method"
"1","0.433333333333333","0","dkn"
"2","0.5","1",NA
"3","0.333333333333333","0",NA
"4","0.0333333333333333","0",NA
