"","power","V","method"
"1","0.866666666666667","0","dkn"
"2","0.9","1",NA
"3","0.666666666666667","0",NA
"4","0.0666666666666667","0",NA
