"","power","V","method"
"1","0.5","3","dkn"
"2","0.366666666666667","2",NA
"3","0.466666666666667","1",NA
"4","0.0666666666666667","1",NA
