"","power","V","method"
"1","0.666666666666667","1","dkn"
"2","0.533333333333333","1",NA
"3","0.366666666666667","0",NA
"4","0.1","0",NA
