"","power","V","method"
"1","0.366666666666667","0","dkn"
"2","0.766666666666667","0",NA
"3","0.333333333333333","0",NA
"4","0.0333333333333333","0",NA
