"","power","V","method"
"1","0.633333333333333","1","dkn"
"2","0.766666666666667","2",NA
"3","0.3","0",NA
"4","0.0666666666666667","0",NA
