"","power","V","method"
"1","0.933333333333333","2","dkn"
"2","0.866666666666667","3",NA
"3","0.7","1",NA
"4","0.0666666666666667","0",NA
