"","power","V","method"
"1","1","0","dkn"
"2","0.933333333333333","0",NA
"3","0.833333333333333","0",NA
"4","0.133333333333333","0",NA
