"","power","V","method"
"1","1","0","dkn"
"2","0.833333333333333","0",NA
"3","0.966666666666667","1",NA
"4","0.166666666666667","0",NA
