"","power","V","method"
"1","0.966666666666667","0","dkn"
"2","0.833333333333333","0",NA
"3","0.833333333333333","2",NA
"4","0.0666666666666667","0",NA
