"","power","V","method"
"1","0.633333333333333","0","dkn"
"2","0.7","2",NA
"3","0.366666666666667","2",NA
"4","0.0333333333333333","0",NA
