"","power","V","method"
"1","0.266666666666667","2","dkn"
"2","0.3","2",NA
"3","0.166666666666667","2",NA
"4","0.0333333333333333","0",NA
