"","power","V","method"
"1","0.7","1","dkn"
"2","0.833333333333333","2",NA
"3","0.466666666666667","3",NA
"4","0.133333333333333","0",NA
