"","power","V","method"
"1","0.466666666666667","1","dkn"
"2","0.633333333333333","2",NA
"3","0.333333333333333","1",NA
"4","0.0666666666666667","0",NA
